Workbook

Sheet Base
A1: BASE DEL CRUCE (cruce.xlsx)
A2: Parámetro | B2: Valor | C2: Fuente
A3: SOLO MÓVIL | B3: 3872 | C3: Hoja Cruce
A4: SOLO FIJO / INTERNET | B4: 2 | C4: Hoja Cruce
A5: SIN SERVICIOS | B5: 53 | C5: Hoja Cruce
A6: CONVERGENTE | B6: 1012 | C6: Hoja Cruce
A7: WINBACK (no activos) | B7: 140 | C7: Hoja Cruce
A8: MRC actual consolidado | B8: 166262.89 | C8: Hoja Cruce
A9: MRC winback en riesgo | B9: 7919.15 | C9: Hoja Cruce
A10: MRC promedio línea móvil (NP) | B10: 49.84 | C10: Cruce.xlsx / Registros
A11: MRC promedio winback | B11: 56.57 | C11: Cruce.xlsx / Winback

Sheet Supuestos
A1: SUPUESTOS (celdas amarillas editables)
A2: INICIATIVA | B2: BASE (CLIENTES) | C2: TASA % | D2: MRC UNITARIO $ | E2: CLIENTES PROYECTADOS | F2: NUEVO MRC $/MES
A3: Cross-sell Móvil | B3: =Base!B4+Base!B5 -> 55 | C3: 15 | D3: =Base!B10 -> 49.84 | E3: =ROUND($B3*$C3/100,0) -> 8 | F3: =$B3*$C3/100*$D3 -> 411.18
A4: Cross-sell FLBBTV | B4: =Base!B3 -> 3872 | C4: 3 | D4: 25 | E4: =ROUND($B4*$C4/100,0) -> 116 | F4: =$B4*$C4/100*$D4 -> 2904
A5: Winback | B5: =Base!B7 -> 140 | C5: 15 | D5: =Base!B11 -> 56.57 | E5: =ROUND($B5*$C5/100,0) -> 21 | F5: =$B5*$C5/100*$D5 -> 1187.97
A6: Upgrade Convergente | B6: =Base!B6 -> 1012 | C6: 10 | D6: 5 | E6: =ROUND($B6*$C6/100,0) -> 101 | F6: =$B6*$C6/100*$D6 -> 506
A7: TOTAL | E7: =SUM(E3:E6) -> 246 | F7: =SUM(F3:F6) -> 5009.15

Sheet Resultados
A1: RESULTADOS DEL ESCENARIO (vínculos a Supuestos)
A2: INICIATIVA | B2: CLIENTES PROYECTADOS | C2: NUEVO MRC $/MES | D2: % DEL UPSIDE
A3: =Supuestos!A3 -> Cross-sell Móvil | B3: =Supuestos!E3 -> 8 | C3: =Supuestos!F3 -> 411.18 | D3: =IF(Supuestos!$F$7=0,0,Supuestos!F3/Supuestos!$F$7) -> 0.082085783
A4: =Supuestos!A4 -> Cross-sell FLBBTV | B4: =Supuestos!E4 -> 116 | C4: =Supuestos!F4 -> 2904 | D4: =IF(Supuestos!$F$7=0,0,Supuestos!F4/Supuestos!$F$7) -> 0.57973908
A5: =Supuestos!A5 -> Winback | B5: =Supuestos!E5 -> 21 | C5: =Supuestos!F5 -> 1187.97 | D5: =IF(Supuestos!$F$7=0,0,Supuestos!F5/Supuestos!$F$7) -> 0.23716
A6: =Supuestos!A6 -> Upgrade Convergente | B6: =Supuestos!E6 -> 101 | C6: =Supuestos!F6 -> 506 | D6: =IF(Supuestos!$F$7=0,0,Supuestos!F6/Supuestos!$F$7) -> 0.10101514
A7: TOTAL | B7: =SUM(B3:B6) -> 246 | C7: =SUM(C3:C6) -> 5009.15 | D7: 1
A9: KPI
A10: MRC ACTUAL | B10: =Base!B8 -> 166262.89
A11: NUEVO MRC / MES | B11: =Supuestos!F7 -> 5009.15
A12: MRC PROYECTADO | B12: =Base!B8+Supuestos!F7 -> 171272.04
A13: CRECIMIENTO % | B13: =IF(Base!B8=0,0,Supuestos!F7/Base!B8) -> 0.03012789
A14: CLIENTES NUEVOS / MES | B14: =Supuestos!E7 -> 246
A15: UPSIDE ANUALIZADO | B15: =Supuestos!F7*12 -> 60109.8
A16: WINBACK MRC EN RIESGO | B16: =Base!B9 -> 7919.15
